{"cameraMode":{"drawMode":0,"name":"Shaded","section":"Shading Mode"},"sceneLighting":true,"audioPlay":false,"sceneViewState":{"m_AlwaysRefresh":false,"showFog":true,"showSkybox":true,"showFlares":true,"showImageEffects":true,"showParticleSystems":true,"showVisualEffectGraphs":true,"m_FxEnabled":true},"in2DMode":false,"pivot":{"x":-111.17646789550781,"y":-207.11227416992188,"z":-529.1528930664063},"rotation":{"x":0.08149202167987824,"y":-0.8852654099464417,"z":0.42533835768699648,"w":0.16960683465003968},"size":193.36183166503907,"orthographic":false}