{"cameraMode":{"drawMode":0,"name":"Shaded","section":"Shading Mode"},"sceneLighting":true,"audioPlay":false,"sceneViewState":{"m_AlwaysRefresh":false,"showFog":true,"showSkybox":true,"showFlares":true,"showImageEffects":true,"showParticleSystems":true,"showVisualEffectGraphs":true,"m_FxEnabled":true},"in2DMode":false,"pivot":{"x":224.27569580078126,"y":137.6337890625,"z":26.192123413085939},"rotation":{"x":0.08377218246459961,"y":-0.05527709051966667,"z":0.004641240928322077,"w":0.9949682354927063},"size":117.83448028564453,"orthographic":false}