{"cameraMode":{"drawMode":0,"name":"Shaded","section":"Shading Mode"},"sceneLighting":true,"audioPlay":false,"sceneViewState":{"m_AlwaysRefresh":false,"showFog":true,"showSkybox":true,"showFlares":true,"showImageEffects":true,"showParticleSystems":true,"showVisualEffectGraphs":true,"m_FxEnabled":true},"in2DMode":false,"pivot":{"x":55.308895111083987,"y":25.727487564086915,"z":-1.6399555206298829},"rotation":{"x":0.4683314561843872,"y":0.017227448523044587,"z":-0.009136184118688107,"w":0.8833471536636353},"size":21.195053100585939,"orthographic":false}