{"cameraMode":{"drawMode":0,"name":"Shaded","section":"Shading Mode"},"sceneLighting":true,"audioPlay":false,"sceneViewState":{"m_AlwaysRefresh":false,"showFog":true,"showSkybox":true,"showFlares":true,"showImageEffects":true,"showParticleSystems":true,"showVisualEffectGraphs":true,"m_FxEnabled":true},"in2DMode":false,"pivot":{"x":-18.931547164916993,"y":-3.6749062538146974,"z":3.0705413818359377},"rotation":{"x":0.574333906173706,"y":-0.07847120612859726,"z":0.05558306723833084,"w":0.8130843043327332},"size":21.693912506103517,"orthographic":false}