{"cameraMode":{"drawMode":0,"name":"Shaded","section":"Shading Mode"},"sceneLighting":true,"audioPlay":false,"sceneViewState":{"m_AlwaysRefresh":false,"showFog":true,"showSkybox":true,"showFlares":true,"showImageEffects":true,"showParticleSystems":true,"showVisualEffectGraphs":true,"m_FxEnabled":true},"in2DMode":false,"pivot":{"x":-8.334362030029297,"y":1.4902420043945313,"z":21.341020584106447},"rotation":{"x":-0.25995519757270815,"y":0.2665344476699829,"z":-0.07486025989055634,"w":-0.9251609444618225},"size":20.094093322753908,"orthographic":true}