{"cameraMode":{"drawMode":0,"name":"Shaded","section":"Shading Mode"},"sceneLighting":true,"audioPlay":false,"sceneViewState":{"m_AlwaysRefresh":false,"showFog":true,"showSkybox":true,"showFlares":true,"showImageEffects":true,"showParticleSystems":true,"showVisualEffectGraphs":true,"m_FxEnabled":true},"in2DMode":false,"pivot":{"x":0.5281369090080261,"y":1.4359197616577149,"z":39.513973236083987},"rotation":{"x":-0.05712336301803589,"y":-0.16072916984558106,"z":0.00931995827704668,"w":-0.9853084087371826},"size":4.19592809677124,"orthographic":false}