{"cameraMode":{"drawMode":0,"name":"Shaded","section":"Shading Mode"},"sceneLighting":true,"audioPlay":false,"sceneViewState":{"m_AlwaysRefresh":false,"showFog":true,"showSkybox":true,"showFlares":true,"showImageEffects":true,"showParticleSystems":true,"showVisualEffectGraphs":true,"m_FxEnabled":true},"in2DMode":false,"pivot":{"x":22.530658721923829,"y":0.06561088562011719,"z":-10.197036743164063},"rotation":{"x":0.6007887125015259,"y":-0.11023426800966263,"z":0.08411712199449539,"w":0.7873151898384094},"size":63.89250946044922,"orthographic":true}