{"cameraMode":{"drawMode":0,"name":"Shaded","section":"Shading Mode"},"sceneLighting":true,"audioPlay":false,"sceneViewState":{"m_AlwaysRefresh":false,"showFog":true,"showSkybox":true,"showFlares":true,"showImageEffects":true,"showParticleSystems":true,"showVisualEffectGraphs":true,"m_FxEnabled":true},"in2DMode":false,"pivot":{"x":10.351045608520508,"y":-22.747913360595704,"z":0.7944450378417969},"rotation":{"x":0.4332900047302246,"y":0.3220861256122589,"z":-0.1692599505186081,"w":0.8245686888694763},"size":58.356056213378909,"orthographic":false}