{"cameraMode":{"drawMode":0,"name":"Shaded","section":"Shading Mode"},"sceneLighting":true,"audioPlay":false,"sceneViewState":{"m_AlwaysRefresh":false,"showFog":true,"showSkybox":true,"showFlares":true,"showImageEffects":true,"showParticleSystems":true,"showVisualEffectGraphs":true,"m_FxEnabled":true},"in2DMode":false,"pivot":{"x":0.9796795845031738,"y":2.04502010345459,"z":3.0669174194335939},"rotation":{"x":-0.0046354420483112339,"y":-0.9943219423294067,"z":0.09209578484296799,"w":-0.05603397265076637},"size":6.318351745605469,"orthographic":false}