{"cameraMode":{"drawMode":0,"name":"Shaded","section":"Shading Mode"},"sceneLighting":true,"audioPlay":false,"sceneViewState":{"m_AlwaysRefresh":false,"showFog":true,"showSkybox":true,"showFlares":true,"showImageEffects":true,"showParticleSystems":true,"showVisualEffectGraphs":true,"m_FxEnabled":true},"in2DMode":false,"pivot":{"x":-0.9179763793945313,"y":-4.828077793121338,"z":12.277091026306153},"rotation":{"x":-0.15278363227844239,"y":0.4370950758457184,"z":-0.07561986148357392,"w":-0.8831149339675903},"size":28.794126510620118,"orthographic":false}