{"cameraMode":{"drawMode":0,"name":"Shaded","section":"Shading Mode"},"sceneLighting":true,"audioPlay":false,"sceneViewState":{"m_AlwaysRefresh":false,"showFog":true,"showSkybox":true,"showFlares":true,"showImageEffects":true,"showParticleSystems":true,"showVisualEffectGraphs":true,"m_FxEnabled":true},"in2DMode":false,"pivot":{"x":3.086968421936035,"y":-29.282054901123048,"z":80.76744079589844},"rotation":{"x":-0.18100620806217194,"y":0.39326733350753786,"z":-0.07926872372627258,"w":-0.8979455828666687},"size":40.293460845947269,"orthographic":false}