{"cameraMode":{"drawMode":0,"name":"Shaded","section":"Shading Mode"},"sceneLighting":true,"audioPlay":false,"sceneViewState":{"m_AlwaysRefresh":false,"showFog":true,"showSkybox":true,"showFlares":true,"showImageEffects":true,"showParticleSystems":true,"showVisualEffectGraphs":true,"m_FxEnabled":true},"in2DMode":false,"pivot":{"x":122.60306549072266,"y":118.74774169921875,"z":24.913803100585939},"rotation":{"x":0.03746696934103966,"y":0.03447039797902107,"z":-0.001293618232011795,"w":0.998711109161377},"size":160.74559020996095,"orthographic":false}