{"cameraMode":{"drawMode":0,"name":"Shaded","section":"Shading Mode"},"sceneLighting":true,"audioPlay":false,"sceneViewState":{"m_AlwaysRefresh":false,"showFog":true,"showSkybox":true,"showFlares":true,"showImageEffects":true,"showParticleSystems":true,"showVisualEffectGraphs":true,"m_FxEnabled":true},"in2DMode":false,"pivot":{"x":314.81427001953127,"y":261.6329345703125,"z":75.7336654663086},"rotation":{"x":-0.07869669049978256,"y":-0.031496670097112659,"z":0.0027516158297657968,"w":-0.9964366555213928},"size":133.79885864257813,"orthographic":false}